<?xml version="1.0"?>

<project name="xxx-test" basedir="." default="test1">

  <target name="cleanup">
    <delete file="asf-logo.gif" />
  </target>

  <target name="test1">
    <unzip/>
  </target>

  <target name="test2">
    <unzip src=""/>
  </target>

  <target name="test3">
    <unzip dest=""/>
  </target>

  <target name="testZipTask">
    <ant antfile="zip.xml" target="feather" />
    <unzip src="asf-logo.gif.zip" dest="." />
    <ant antfile="zip.xml" target="cleanup" />
  </target>

  <target name="realTest">
    <unzip src="expected/asf-logo.gif.zip" dest="." />
  </target>

</project>
