com/google/javascript/jscomp/Function.java,0E+47,0,0,0E+31,0E+33,0,0,0E+43
com/google/javascript/jscomp/Diagnostic.java,0E+48,0,0,0E+30,0E+32,0,0,0E+44
com/google/javascript/jscomp/parsing/Config.java,0E+49,0,0,0E+30,0E+32,0,0,0E+43
com/google/javascript/jscomp/Control.java,0.06401843996644799025906418218,0.015625,0.0009778994719342851554860160376,0.9199475065616797900262467193,0.9451546850177689640209856664,0.25,0.25,0.01565867790720183413543597131
com/google/javascript/rhino/jstype/Ternary.java,0E+47,0,0,0E+31,0E+32,0,0,0E+40
com/google/javascript/jscomp/Minimized.java,0E+47,0,0,0E+31,0E+33,0,0,0E+43
com/google/javascript/jscomp/Peephole.java,0E+47,0,0,0E+31,0E+32,0,0,0E+44
com/google/javascript/rhino/J.java,0.1280368799328959805181283644,0.01639344262295081967213114754,0.0003923107100823852491173009023,1,1,1,1,0.01980683493348660274276222318
com/google/common/collect/Immutable.java,0.1478442541909145668872096540,0.03225806451612903225806451613,0.0003922337713277113159443028045,0.9857042418561049917975158190,0.9904213263588263588263588264,0.6666666666666666666666666667,0.6666666666666666666666666667,0.01617221300219165581681024135
com/google/javascript/jscomp/Compiler.java,0.07392212709545728344360482701,0.01587301587301587301587301587,0.0007833920877399138268703486095,0.9451685393258426966292134829,0.9627555623742050489664266745,0.3333333333333333333333333333,0.3333333333333333333333333333,0.01617221300219165581681024135
java/lang/String.java,0E+47,0,0,0E+31,0E+32,0,0,0E+42
com/google/javascript/jscomp/Diagnostic.java,0.03735219680565763394294618358,0.01886792452830188679245283019,0.001147227533460803059273422562,0.6050927924039706517047906776,0.7014896771257242779843446832,0.04255319148936170212765957447,0.04347826086956521739130434783,0.007153388161190398069846358836
com/google/javascript/jscomp/newtypes/Naive.java,0E+46,0,0,0E+30,0E+32,0,0,0E+42
com/google/common/collect/Immutable.java,0E+48,0,0,0E+30,0E+31,0,0,0E+40
com/google/javascript/rhino/jstype/Template.java,0E+47,0,0,0E+31,0E+32,0,0,0E+44
com/google/javascript/jscomp/regex/Reg.java,0E+48,0,0,0E+30,0E+32,0,0,0E+43
com/google/javascript/jscomp/graph/Linked.java,0.2217663812863718503308144810,0.04918032786885245901639344262,0.03785798352295017653981953707,1,1,1,1,0.1945712813416979519350621797
com/google/javascript/jscomp/Inline.java,0E+47,0,0,0E+31,0E+33,0,0,0E+43
com/google/javascript/jscomp/parsing/Type.java,0E+46,0,0,0E+31,0E+33,0,0,0E+46
com/google/javascript/jscomp/graph/Di.java,0.1280368799328959805181283644,0.01639344262295081967213114754,0.0001961553550411926245586504512,1,1,1,1,0.01400554729531097671671598248
com/google/javascript/jscomp/Compiler.java,0E+47,0,0,0E+31,0E+33,0,0,0E+43
com/google/javascript/rhino/Node.java,0.1280368799328959805181283644,0.01639344262295081967213114754,0.003138485680659081992938407219,1,1,1,1,0.05602218918124390686686392991
java/lang/String.java,0.1568125120467950014238775509,0.046875,0.006449091264412741840922415478,0.9718114602587800369685767099,0.9889859969496639979732651569,0.5,0.6346153846153846153846153846,0.06409325862184349427999286459
com/google/javascript/jscomp/Abstract.java,0E+47,0,0,0E+31,0E+33,0,0,0E+43
com/google/javascript/jscomp/Code.java,0E+47,0,0,0E+31,0E+33,0,0,0E+43
com/google/javascript/jscomp/regex/Char.java,0E+48,0,0,0E+30,0E+31,0,0,0E+42
com/google/javascript/jscomp/Control.java,0.1280368799328959805181283644,0.01639344262295081967213114754,0.001569242840329540996469203609,1,1,1,1,0.03961366986697320548552444636
java/lang/String.java,0.1935735673983309042856224227,0.0625,0.02823438406497776058789402437,0.9787085514834205933682373473,0.9904213263588263588263588264,0.5714285714285714285714285714,0.6666666666666666666666666667,0.1381754484607983640825416811
com/google/javascript/jscomp/Compiler.java,0E+46,0,0,0E+31,0E+32,0,0,0E+40
java/lang/String.java,0.1935735673983309042856224227,0.0625,0.005818318318318318318318318318,0.9787085514834205933682373473,0.8745006016808532340760610652,0.5714285714285714285714285714,0.1187739463601532567049808429,0.02687457002736048199752654206
com/google/javascript/jscomp/regex/Reg.java,0E+48,0,0,0E+30,0E+32,0,0,0E+43
com/google/javascript/jscomp/newtypes/Persistent.java,0E+49,0,0,0E+30,0E+32,0,0,0E+44
com/google/common/base/Char.java,0E+47,0,0,0E+31,0E+33,0,0,0E+43
com/google/javascript/rhino/Node.java,0.2217663812863718503308144810,0.04918032786885245901639344262,0.005688505296194586112200863084,1,1,1,1,0.07542218039936651770977202944
com/google/javascript/jscomp/parsing/parser/trees/Parse.java,0E+46,0,0,0E+31,0E+33,0,0,0E+46
com/google/common/collect/Immutable.java,0E+47,0,0,0E+31,0E+33,0,0,0E+43
com/google/javascript/jscomp/Js.java,0E+47,0,0,0E+31,0E+32,0,0,0E+40
com/google/javascript/jscomp/regex/Char.java,0E+47,0,0,0E+31,0E+31,0,0,0E+41
java/util/Arrays.java,0E+47,0,0,0E+30,0E+31,0,0,0E+44
com/google/javascript/jscomp/parsing/parser/util/format/Simple.java,0E+47,0,0,0E+31,0E+33,0,0,0E+46
com/google/javascript/jscomp/Command.java,0E+47,0,0,0E+31,0E+33,0,0,0E+43
com/google/javascript/jscomp/regex/Char.java,0E+47,0,0,0E+30,0E+31,0,0,0E+44
java/util/Hash.java,0E+49,0,0,0E+30,0E+32,0,0,0E+44
com/google/javascript/rhino/J.java,0.1280368799328959805181283644,0.01639344262295081967213114754,0.0003923107100823852491173009023,1,1,1,1,0.01980683493348660274276222318
com/google/javascript/jscomp/graph/Linked.java,0.1810714920850370556379957748,0.03278688524590163934426229508,0.002746174970576696743821106316,1,1,1,1,0.05240395949331211839333690185
com/google/javascript/jscomp/Minimized.java,0E+47,0,0,0E+31,0E+33,0,0,0E+46
com/google/debugging/sourcemap/Source.java,0E+47,0,0,0E+31,0E+33,0,0,0E+46
com/google/javascript/jscomp/Dot.java,0.1280368799328959805181283644,0.01639344262295081967213114754,0.0001961553550411926245586504512,1,1,1,1,0.01400554729531097671671598248
com/google/javascript/jscomp/Check.java,0E+47,0,0,0E+31,0E+33,0,0,0E+43
com/google/javascript/jscomp/parsing/Type.java,0E+46,0,0,0E+31,0E+33,0,0,0E+46
com/google/javascript/jscomp/newtypes/Naive.java,0E+46,0,0,0E+30,0E+32,0,0,0E+42
com/google/javascript/jscomp/graph/Di.java,0.1280368799328959805181283644,0.01639344262295081967213114754,0.0001961553550411926245586504512,1,1,1,1,0.01400554729531097671671598248
java/lang/String.java,0E+48,0,0,0E+30,0E+32,0,0,0E+40
com/google/javascript/jscomp/parsing/parser/trees/Function.java,0E+47,0,0,0E+31,0E+32,0,0,0E+42
com/google/javascript/jscomp/Basic.java,0.1280368799328959805181283644,0.01639344262295081967213114754,0.005688505296194586112200863084,1,1,1,1,0.07542218039936651770977202944
com/google/javascript/rhino/Node.java,0.1280368799328959805181283644,0.01639344262295081967213114754,0.0003923107100823852491173009023,1,1,1,1,0.01980683493348660274276222318
com/google/javascript/jscomp/Source.java,0.04267895997763199350604278812,0.01990049751243781094527363184,0.004043273959130149710414162387,0.4962246342614440773949976405,0.3206359894818262298396874469,0.02777777777777777777777777778,0.009046454767726161369193154034,0.008102893941834260613520257325
com/google/javascript/jscomp/parsing/parser/trees/Parse.java,0E+49,0,0,0E+30,0E+31,0,0,0E+41
java/lang/String.java,0.1280368799328959805181283644,0.01639344262295081967213114754,0.0003923107100823852491173009023,1,1,1,1,0.01980683493348660274276222318
java/lang/Boolean.java,0E+47,0,0,0E+31,0E+33,0,0,0E+43
java/lang/String.java,0.1568125120467950014238775509,0.046875,0.006058237248387727183896814540,0.9718114602587800369685767099,0.9882837414565672168049723519,0.5,0.62,0.06140118829380847023083474815
com/google/javascript/jscomp/Compiler.java,0E+47,0,0,0E+31,0E+33,0,0,0E+43
com/google/common/base/Preconditions.java,0E+47,0,0,0E+31,0E+33,0,0,0E+43
com/google/javascript/rhino/Token.java,0.2217663812863718503308144810,0.04918032786885245901639344262,0.003530796390741467242055708121,1,1,1,1,0.05942050480045980544075141743
com/google/javascript/jscomp/Css.java,0E+47,0,0,0E+31,0E+33,0,0,0E+46
com/google/javascript/jscomp/parsing/parser/Token.java,0E+49,0,0,0E+30,0E+32,0,0,0E+44
com/google/javascript/rhino/J.java,0.1280368799328959805181283644,0.01639344262295081967213114754,0.0003923107100823852491173009023,1,1,1,1,0.01980683493348660274276222318
com/google/javascript/rhino/J.java,0.07392212709545728344360482701,0.01587301587301587301587301587,0.0009788566953797963978073610023,0.9451685393258426966292134829,0.9627555623742050489664266744,0.3333333333333333333333333333,0.3333333333333333333333333333,0.01808108380975324710206155615
com/google/javascript/rhino/jstype/Ternary.java,0.04526787302125926390949894369,0.01470588235294117647058823529,0.0001958863858961802154750244858,0.8312252964426877470355731227,0.8807481395092381261090262626,0.125,0.125,0.004951708733371650685690555794
java/lang/Appendable.java,0.2217663812863718503308144810,0.04918032786885245901639344262,0.003138485680659081992938407219,1,1,1,1,0.05602218918124390686686392991
com/google/javascript/jscomp/Xtb.java,0.09053574604251852781899788739,0.01612903225806451612903225806,0.0001961168856638556579721514022,0.9718114602587800369685767097,0.9810244136662932096582682265,0.5,0.5,0.009903417466743301371381111589
com/google/javascript/jscomp/Coding.java,0.06401843996644799025906418218,0.015625,0.003481624758220502901353965184,0.9199475065616797900262467193,0.9281858040886760226092162490,0.25,0.2,0.02657365759823614261982328264
com/google/common/collect/Immutable.java,0E+47,0,0,0E+31,0E+33,0,0,0E+43
com/google/javascript/jscomp/Closure.java,0E+49,0,0,0E+30,0E+31,0,0,0E+42
com/google/javascript/rhino/jstype/Ternary.java,0E+47,0,0,0E+31,0E+32,0,0,0E+44
com/google/javascript/rhino/Node.java,0.1280368799328959805181283644,0.01639344262295081967213114754,0.0005884660651235778736759513535,1,1,1,1,0.02425831950328748372521536202
com/google/common/base/Predicates.java,0.1280368799328959805181283644,0.01639344262295081967213114754,0.0001961553550411926245586504512,1,1,1,1,0.01400554729531097671671598248
com/google/javascript/jscomp/Coding.java,0E+49,0,0,0E+30,0E+31,0,0,0E+42
java/lang/Math.java,0E+47,0,0,0E+31,0E+33,0,0,0E+43
java/lang/Integer.java,0E+47,0,0,0E+31,0E+31,0,0,0E+43
com/google/javascript/jscomp/graph/Linked.java,0.1280368799328959805181283644,0.01639344262295081967213114754,0.0001961553550411926245586504512,1,1,1,1,0.01400554729531097671671598248
com/google/javascript/jscomp/Command.java,0E+47,0,0,0E+31,0E+33,0,0,0E+43
com/google/common/base/Preconditions.java,0.2217663812863718503308144810,0.04918032786885245901639344262,0.001373087485288348371910553158,1,1,1,1,0.03705519511874614733059190911
com/google/javascript/jscomp/Compilation.java,0E+47,0,0,0E+31,0E+33,0,0,0E+43
com/google/javascript/rhino/Node.java,0.1280368799328959805181283644,0.01639344262295081967213114754,0.0003923107100823852491173009023,1,1,1,1,0.01980683493348660274276222318
com/google/javascript/jscomp/Process.java,0E+46,0,0,0E+31,0E+32,0,0,0E+40
java/lang/Enum.java,0.1128528506892505903855663226,0.04086538461538461538461538462,0.01311600662167324589328918885,0.6227746228617217712434240324,0.6590358040335959580868887120,0.04569892473118279569892473118,0.03603918824352694191742477257,0.02698399184380354777316563915
com/google/javascript/jscomp/Property.java,0E+47,0,0,0E+31,0E+33,0,0,0E+43
com/google/javascript/jscomp/Control.java,0E+46,0,0,0E+31,0E+33,0,0,0E+46
com/google/javascript/jscomp/Property.java,0E+47,0,0,0E+31,0E+33,0,0,0E+43
java/util/Iterator.java,0.1810714920850370556379957748,0.03278688524590163934426229508,0.0007846214201647704982346018046,1,1,1,1,0.02801109459062195343343196496
com/google/javascript/rhino/Node.java,0.1810714920850370556379957748,0.03278688524590163934426229508,0.001765398195370733621027854060,1,1,1,1,0.04201664188593293015014794743
com/google/javascript/jscomp/Alias.java,0E+47,0,0,0E+31,0E+33,0,0,0E+43
com/google/javascript/jscomp/Process.java,0E+47,0,0,0E+31,0E+32,0,0,0E+44
com/google/javascript/jscomp/Name.java,0E+47,0,0,0E+31,0E+33,0,0,0E+46
java/util/Locale.java,0E+47,0,0,0E+31,0E+33,0,0,0E+43
com/google/common/collect/Immutable.java,0.1451801755487481782142168170,0.04615384615384615384615384615,0.0005880047040376323010584084673,0.9627651457347779642911643522,0.9748582447375786142197881593,0.4285714285714285714285714286,0.4285714285714285714285714286,0.01588079790803406314168224676
com/google/javascript/rhino/jstype/Object.java,0E+47,0,0,0E+31,0E+33,0,0,0E+43
com/google/javascript/rhino/Simple.java,0.1280368799328959805181283644,0.01639344262295081967213114754,0.0001961553550411926245586504512,1,1,1,1,0.01400554729531097671671598248
com/google/javascript/rhino/I.java,0.1280368799328959805181283644,0.01639344262295081967213114754,0.0001961553550411926245586504512,1,1,1,1,0.01400554729531097671671598248
com/google/javascript/jscomp/Warning.java,0E+47,0,0,0E+31,0E+33,0,0,0E+43
com/google/javascript/jscomp/Compilation.java,0E+46,0,0,0E+31,0E+32,0,0,0E+40
com/google/javascript/jscomp/graph/Graph.java,0.1280368799328959805181283644,0.01639344262295081967213114754,0.0003923107100823852491173009023,1,1,1,1,0.01980683493348660274276222318
com/google/javascript/rhino/Node.java,0.2862991671569341373027453101,0.08196721311475409836065573770,0.01275009807767752059631227933,1,1,1,1,0.1129163322007827246824052914
com/google/javascript/rhino/Node.java,0.1280368799328959805181283644,0.01639344262295081967213114754,0.001373087485288348371910553158,1,1,1,1,0.03705519511874614733059190911
com/google/javascript/jscomp/parsing/Annotation.java,0E+46,0,0,0E+31,0E+31,0,0,0E+43
com/google/common/collect/Immutable.java,0E+45,0,0,0E+30,0E+32,0,0,0E+45
com/google/javascript/jscomp/Rename.java,0E+47,0,0,0E+31,0E+33,0,0,0E+43
java/lang/Math.java,0E+47,0,0,0E+30,0E+31,0,0,0E+43
java/util/Iterator.java,0.1280368799328959805181283644,0.01639344262295081967213114754,0.0001961553550411926245586504512,1,1,1,1,0.01400554729531097671671598248
com/google/common/base/Splitter.java,0E+47,0,0,0E+31,0E+33,0,0,0E+43
com/google/javascript/jscomp/Process.java,0E+46,0,0,0E+31,0E+33,0,0,0E+46
com/google/debugging/sourcemap/Source.java,0E+47,0,0,0E+31,0E+33,0,0,0E+46
com/google/javascript/jscomp/Tracer.java,0E+47,0,0,0E+31,0E+33,0,0,0E+43
com/google/javascript/jscomp/Warning.java,0E+47,0,0,0E+31,0E+33,0,0,0E+43
com/google/javascript/jscomp/Global.java,0E+49,0,0,0E+30,0E+32,0,0,0E+44
com/google/javascript/jscomp/Side.java,0E+47,0,0,0E+31,0E+33,0,0,0E+43
com/google/javascript/jscomp/deps/Deps.java,0E+47,0,0,0E+31,0E+32,0,0,0E+44
com/google/common/collect/Maps.java,0.1280368799328959805181283644,0.05479452054794520547945205479,0.003320961125219769486227778863,0.9199475065616797900262467192,0.9766637624794855904869378059,0.25,0.4473684210526315789473684211,0.03862399636131072431072820761
com/google/javascript/rhino/J.java,0E+47,0,0,0E+31,0E+33,0,0,0E+43
com/google/javascript/jscomp/parsing/Annotation.java,0E+47,0,0,0E+31,0E+33,0,0,0E+43
com/google/javascript/jscomp/Check.java,0E+46,0,0,0E+30,0E+32,0,0,0E+42
com/google/javascript/jscomp/Source.java,0E+47,0,0,0E+31,0E+32,0,0,0E+45
com/google/javascript/jscomp/Js.java,0.1280368799328959805181283644,0.01639344262295081967213114754,0.0001961553550411926245586504512,1,1,1,1,0.01400554729531097671671598248
com/google/javascript/jscomp/Function.java,0E+47,0,0,0E+31,0E+32,0,0,0E+40
com/google/javascript/rhino/J.java,0.1280368799328959805181283644,0.01639344262295081967213114754,0.0003923107100823852491173009023,1,1,1,1,0.01980683493348660274276222318
com/google/javascript/jscomp/graph/Di.java,0.1280368799328959805181283644,0.01639344262295081967213114754,0.0001961553550411926245586504512,1,1,1,1,0.01400554729531097671671598248
java/lang/Object.java,0.1280368799328959805181283644,0.01639344262295081967213114754,0.001961553550411926245586504512,1,1,1,1,0.04428942933039356917468196966
com/google/javascript/jscomp/Global.java,0E+49,0,0,0E+30,0E+32,0,0,0E+44
com/google/common/collect/Sets.java,0.1478442541909145668872096540,0.03225806451612903225806451613,0.001959631589261218890848520478,0.9857042418561049917975158190,0.9904213263588263588263588264,0.6666666666666666666666666667,0.6666666666666666666666666667,0.03616216761950649420412311231
com/google/debugging/sourcemap/Source.java,0E+47,0,0,0E+31,0E+33,0,0,0E+43
com/google/javascript/jscomp/Name.java,0E+47,0,0,0E+31,0E+32,0,0,0E+44
com/google/javascript/jscomp/graph/Linked.java,0.2560737598657919610362567287,0.06557377049180327868852459016,0.03825029423303256178893683798,1,1,1,1,0.1955768243760813397631095337
com/google/javascript/jscomp/Analyze.java,0E+46,0,0,0E+31,0E+32,0,0,0E+42
com/google/javascript/rhino/jstype/Can.java,0.02337622911060922063008202338,0.01111111111111111111111111111,0.0001950458357714062804759118393,0.5431301652892561983471074381,0.6406412172919629075971366416,0.03333333333333333333333333333,0.03333333333333333333333333333,0.002557051394615763623471071403
com/google/javascript/jscomp/Compiler.java,0E+47,0,0,0E+31,0E+32,0,0,0E+44
java/text/Message.java,0.04267895997763198919187924374,0.02158273381294964028776978417,0.002757859900717043574186431329,0.5700731905665492003252914069,0.6945783832112614094893007790,0.03703703703703703703703703704,0.04213483146067415730337078652,0.01113438783101883382755674399
com/google/javascript/jscomp/parsing/parser/Token.java,0E+45,0,0,0E+30,0E+31,0,0,0E+42
com/google/javascript/jscomp/Function.java,0E+45,0,0,0E+30,0E+32,0,0,0E+45
java/lang/Class.java,0.1045416746978633342825850339,0.03076923076923076923076923077,0.0003920031360250882007056056448,0.9451685393258426966292134832,0.9627555623742050489664266746,0.3333333333333333333333333333,0.3333333333333333333333333333,0.01143548148064297313239277178
com/google/javascript/jscomp/graph/Linked.java,0.2217663812863718503308144810,0.04918032786885245901639344262,0.01883091408395449195763044331,1,1,1,1,0.1372257777677156775887132613
java/lang/String.java,0.1478442541909145668872096540,0.03225806451612903225806451613,0.02750871755133669120495931809,0.9857042418561049917975158190,0.9913575408999810289292141724,0.6666666666666666666666666667,0.6893203883495145631067961165,0.1385654060108947743550834789
com/google/javascript/jscomp/Find.java,0E+47,0,0,0E+31,0E+33,0,0,0E+46
com/google/common/base/Preconditions.java,0.2560737598657919610362567287,0.06557377049180327868852459016,0.002157708905453118870145154963,1,1,1,1,0.04645114536212340386234253354
com/google/javascript/jscomp/Compiler.java,0E+47,0,0,0E+31,0E+32,0,0,0E+42
com/google/javascript/jscomp/Code.java,0E+47,0,0,0E+31,0E+32,0,0,0E+44
com/google/javascript/rhino/Node.java,0.1280368799328959805181283644,0.01639344262295081967213114754,0.0005884660651235778736759513535,1,1,1,1,0.02425831950328748372521536202
com/google/javascript/jscomp/Control.java,0E+46,0,0,0E+31,0E+32,0,0,0E+40
com/google/javascript/jscomp/Inline.java,0E+47,0,0,0E+31,0E+33,0,0,0E+43
com/google/javascript/jscomp/Tracer.java,0E+47,0,0,0E+31,0E+33,0,0,0E+43
com/google/javascript/jscomp/parsing/Config.java,0E+46,0,0,0E+31,0E+33,0,0,0E+46
com/google/javascript/jscomp/Inline.java,0E+46,0,0,0E+31,0E+32,0,0,0E+40
com/google/javascript/jscomp/parsing/Config.java,0E+46,0,0,0E+31,0E+32,0,0,0E+43
java/lang/System.java,0E+47,0,0,0E+30,0E+31,0,0,0E+38
com/google/javascript/jscomp/Source.java,0.04267895997763199350604278812,0.01990049751243781094527363184,0.004043273959130149710414162387,0.4962246342614440773949976405,0.3206359894818262298396874469,0.02777777777777777777777777778,0.009046454767726161369193154034,0.008102893941834260613520257325
com/google/javascript/jscomp/Inline.java,0E+47,0,0,0E+31,0E+32,0,0,0E+44
com/google/javascript/jscomp/Reference.java,0E+47,0,0,0E+31,0E+33,0,0,0E+43
com/google/javascript/jscomp/Xtb.java,0.09053574604251852781899788739,0.01612903225806451612903225806,0.0001961168856638556579721514022,0.9718114602587800369685767097,0.9810244136662932096582682265,0.5,0.5,0.009903417466743301371381111589
com/google/javascript/rhino/Node.java,0.1280368799328959805181283644,0.01639344262295081967213114754,0.001765398195370733621027854060,1,1,1,1,0.04201664188593293015014794743
com/google/javascript/jscomp/Js.java,0.1280368799328959805181283644,0.01639344262295081967213114754,0.0003923107100823852491173009023,1,1,1,1,0.01980683493348660274276222318
com/google/javascript/jscomp/parsing/parser/trees/Parse.java,0E+46,0,0,0E+31,0E+31,0,0,0E+42
com/google/javascript/jscomp/Source.java,0E+49,0,0,0E+30,0E+32,0,0,0E+44
com/google/javascript/jscomp/Check.java,0E+47,0,0,0E+31,0E+32,0,0,0E+40
com/google/javascript/rhino/I.java,0.1280368799328959805181283644,0.01639344262295081967213114754,0.0001961553550411926245586504512,1,1,1,1,0.01400554729531097671671598248
com/google/javascript/jscomp/parsing/parser/Token.java,0E+45,0,0,0E+30,0E+30,0,0,0E+41
com/google/javascript/jscomp/Coding.java,0.06401843996644799025906418218,0.015625,0.003481624758220502901353965184,0.9199475065616797900262467193,0.9281858040886760226092162490,0.25,0.2,0.02657365759823614261982328264
com/google/javascript/jscomp/Compiler.java,0E+47,0,0,0E+31,0E+33,0,0,0E+43
com/google/javascript/jscomp/parsing/parser/trees/Parse.java,0E+46,0,0,0E+31,0E+33,0,0,0E+46
com/google/javascript/jscomp/Abstract.java,0E+47,0,0,0E+31,0E+33,0,0,0E+43
com/google/javascript/jscomp/Runtime.java,0E+47,0,0,0E+31,0E+33,0,0,0E+43
com/google/javascript/jscomp/Rename.java,0E+47,0,0,0E+31,0E+33,0,0,0E+43
java/util/Collections.java,0.1280368799328959805181283644,0.01639344262295081967213114754,0.0001961553550411926245586504512,1,1,1,1,0.01400554729531097671671598248
com/google/javascript/rhino/Node.java,0.1810714920850370556379957748,0.03278688524590163934426229508,0.001961553550411926245586504512,1,1,1,1,0.04428942933039356917468196966
com/google/javascript/rhino/Node.java,0.1280368799328959805181283644,0.01639344262295081967213114754,0.002353864260494311494703805414,1,1,1,1,0.04851663900657496745043072404
com/google/javascript/jscomp/Requirement.java,0E+47,0,0,0E+31,0E+33,0,0,0E+43
com/google/javascript/jscomp/Process.java,0E+46,0,0,0E+31,0E+32,0,0,0E+42
com/google/javascript/rhino/J.java,0.1810714920850370556379957748,0.03278688524590163934426229508,0.0003923107100823852491173009023,1,1,1,1,0.01980683493348660274276222318
com/google/javascript/jscomp/J.java,0E+47,0,0,0E+31,0E+32,0,0,0E+43
com/google/javascript/jscomp/Js.java,0.1280368799328959805181283644,0.01639344262295081967213114754,0.0003923107100823852491173009023,1,1,1,1,0.01980683493348660274276222318
java/util/Map.java,0.2560737598657919610362567287,0.06557377049180327868852459016,0.05766967438211063162024323264,1,1,1,1,0.2401451110935024357802482073
java/lang/String.java,0E+47,0,0,0E+31,0E+33,0,0,0E+46
com/google/javascript/jscomp/Dot.java,0.1280368799328959805181283644,0.01639344262295081967213114754,0.0001961553550411926245586504512,1,1,1,1,0.01400554729531097671671598248
java/util/regex/Pattern.java,0.06843859108291549368858594912,0.02739726027397260273972602740,0.0003910833007430582714118107157,0.8517618469015795868772782504,0.8659950648437474330287467923,0.1428571428571428571428571429,0.1111111111111111111111111111,0.006602278311162200604527935270
com/google/javascript/rhino/J.java,0.1280368799328959805181283644,0.01639344262295081967213114754,0.0003923107100823852491173009023,1,1,1,1,0.01980683493348660274276222318
com/google/javascript/jscomp/Dot.java,0.1280368799328959805181283644,0.01639344262295081967213114754,0.001765398195370733621027854060,1,1,1,1,0.04201664188593293015014794743
com/google/javascript/jscomp/Compiler.java,0E+47,0,0,0E+31,0E+33,0,0,0E+43
java/lang/String.java,0.1280368799328959805181283644,0.01639344262295081967213114754,0.0009807767752059631227932522558,1,1,1,1,0.03131735581440366827087194262
com/google/javascript/jscomp/Source.java,0.04267895997763199350604278812,0.01990049751243781094527363184,0.004043273959130149710414162387,0.4962246342614440773949976405,0.3206359894818262298396874469,0.02777777777777777777777777778,0.009046454767726161369193154034,0.008102893941834260613520257325
com/google/javascript/jscomp/Source.java,0E+49,0,0,0E+30,0E+32,0,0,0E+40
com/google/javascript/rhino/jstype/Ternary.java,0.04526787302125926390949894369,0.01470588235294117647058823529,0.0001958863858961802154750244858,0.8312252964426877470355731227,0.8807481395092381261090262626,0.125,0.125,0.004951708733371650685690555794
com/google/javascript/jscomp/regex/Char.java,0E+45,0,0,0E+30,0E+30,0,0,0E+42
com/google/javascript/jscomp/parsing/parser/Token.java,0E+49,0,0,0E+30,0E+32,0,0,0E+44
com/google/javascript/jscomp/Dot.java,0.1280368799328959805181283644,0.01639344262295081967213114754,0.0001961553550411926245586504512,1,1,1,1,0.01400554729531097671671598248
com/google/javascript/rhino/Node.java,0.1280368799328959805181283644,0.01639344262295081967213114754,0.0007846214201647704982346018046,1,1,1,1,0.02801109459062195343343196496
java/util/Abstract.java,0E+49,0,0,0E+30,0E+32,0,0,0E+44
com/google/javascript/jscomp/Property.java,0E+47,0,0,0E+31,0E+32,0,0,0E+44
com/google/javascript/jscomp/Phase.java,0E+47,0,0,0E+31,0E+33,0,0,0E+46
com/google/javascript/jscomp/Dot.java,0.1280368799328959805181283644,0.01639344262295081967213114754,0.0003923107100823852491173009023,1,1,1,1,0.01980683493348660274276222318
com/google/javascript/jscomp/Process.java,0E+47,0,0,0E+31,0E+33,0,0,0E+43
com/google/javascript/jscomp/Extract.java,0E+47,0,0,0E+31,0E+33,0,0,0E+46
com/google/javascript/jscomp/parsing/parser/trees/Comprehension.java,0E+47,0,0,0E+31,0E+33,0,0,0E+46
java/util/Arrays.java,0.1478442541909145668872096540,0.03225806451612903225806451613,0.0003922337713277113159443028045,0.9857042418561049917975158190,0.9904213263588263588263588264,0.6666666666666666666666666667,0.6666666666666666666666666667,0.01617221300219165581681024135
com/google/javascript/jscomp/Source.java,0E+49,0,0,0E+30,0E+32,0,0,0E+44
com/google/javascript/rhino/jstype/Function.java,0E+47,0,0,0E+31,0E+32,0,0,0E+44
java/util/Array.java,0.1280368799328959805181283644,0.01639344262295081967213114754,0.0003923107100823852491173009023,1,1,1,1,0.01980683493348660274276222318
com/google/common/base/Predicates.java,0.1280368799328959805181283644,0.01639344262295081967213114754,0.0001961553550411926245586504512,1,1,1,1,0.01400554729531097671671598248
com/google/javascript/jscomp/parsing/Type.java,0E+46,0,0,0E+31,0E+33,0,0,0E+46
com/google/javascript/jscomp/graph/Fixed.java,0.1280368799328959805181283644,0.01639344262295081967213114754,0.0001961553550411926245586504512,1,1,1,1,0.01400554729531097671671598248
java/util/List.java,0.2217663812863718503308144810,0.04918032786885245901639344262,0.03766182816790898391526088662,1,1,1,1,0.1940665560262998698017228962
com/google/javascript/rhino/Node.java,0.1280368799328959805181283644,0.01639344262295081967213114754,0.0001961553550411926245586504512,1,1,1,1,0.01400554729531097671671598248
com/google/javascript/rhino/Node.java,0.1280368799328959805181283644,0.01639344262295081967213114754,0.003334641035700274617497057670,1,1,1,1,0.05774635084315090115564921379
com/google/javascript/rhino/jstype/Ternary.java,0E+46,0,0,0E+31,0E+33,0,0,0E+46
java/util/Set.java,0.1280368799328959805181283644,0.01639344262295081967213114754,0.0003923107100823852491173009023,1,1,1,1,0.01980683493348660274276222318
com/google/javascript/jscomp/graph/Linked.java,0.2560737598657919610362567287,0.06557377049180327868852459016,0.004119262455865045115731659474,1,1,1,1,0.06418148063004658916066426075
com/google/javascript/rhino/jstype/Boolean.java,0E+46,0,0,0E+31,0E+32,0,0,0E+45
com/google/javascript/rhino/J.java,0.1280368799328959805181283644,0.01639344262295081967213114754,0.0001961553550411926245586504512,1,1,1,1,0.01400554729531097671671598248
com/google/javascript/jscomp/parsing/Type.java,0E+46,0,0,0E+30,0E+32,0,0,0E+39
com/google/javascript/jscomp/parsing/Js.java,0E+47,0,0,0E+31,0E+32,0,0,0E+44
com/google/javascript/jscomp/parsing/Type.java,0E+46,0,0,0E+31,0E+33,0,0,0E+46
com/google/javascript/jscomp/Rename.java,0E+47,0,0,0E+31,0E+33,0,0,0E+43
com/google/javascript/jscomp/Check.java,0E+46,0,0,0E+30,0E+32,0,0,0E+45
com/google/javascript/rhino/Node.java,0.1280368799328959805181283644,0.01639344262295081967213114754,0.001569242840329540996469203609,1,1,1,1,0.03961366986697320548552444636
com/google/javascript/rhino/Node.java,0.1810714920850370556379957748,0.03278688524590163934426229508,0.001765398195370733621027854060,1,1,1,1,0.04201664188593293015014794743
com/google/javascript/jscomp/Compiler.java,0E+47,0,0,0E+31,0E+32,0,0,0E+40
com/google/javascript/rhino/Node.java,0.2560737598657919610362567287,0.06557377049180327868852459016,0.008826990976853668105139270302,1,1,1,1,0.09395206744321099366247481946
com/google/javascript/jscomp/graph/Di.java,0.1280368799328959805181283644,0.01639344262295081967213114754,0.0001961553550411926245586504512,1,1,1,1,0.01400554729531097671671598248
java/lang/Illegal.java,0E+47,0,0,0E+31,0E+33,0,0,0E+43
com/google/javascript/rhino/Node.java,0.1280368799328959805181283644,0.01639344262295081967213114754,0.0005884660651235778736759513535,1,1,1,1,0.02425831950328748372521536202
com/google/javascript/rhino/J.java,0.1280368799328959805181283644,0.01639344262295081967213114754,0.0003923107100823852491173009023,1,1,1,1,0.01980683493348660274276222318
com/google/javascript/rhino/jstype/J.java,0E+47,0,0,0E+31,0E+31,0,0,0E+43
com/google/javascript/jscomp/Check.java,0E+47,0,0,0E+31,0E+33,0,0,0E+43
com/google/javascript/jscomp/parsing/Type.java,0E+46,0,0,0E+31,0E+32,0,0,0E+45
com/google/javascript/jscomp/graph/Linked.java,0.2560737598657919610362567287,0.06557377049180327868852459016,0.01843860337387210670851314241,1,1,1,1,0.1357888190311415475568206586
com/google/javascript/jscomp/J.java,0E+47,0,0,0E+31,0E+32,0,0,0E+41
com/google/javascript/jscomp/newtypes/Object.java,0E+47,0,0,0E+31,0E+33,0,0,0E+43
com/google/javascript/jscomp/Function.java,0E+45,0,0,0E+30,0E+32,0,0,0E+45
com/google/javascript/jscomp/Compiler.java,0E+47,0,0,0E+31,0E+33,0,0,0E+43
java/lang/String.java,0.1280368799328959805181283644,0.01639344262295081967213114754,0.0003923107100823852491173009023,1,1,1,1,0.01980683493348660274276222318
com/google/javascript/jscomp/Error.java,0.1358036190637777917284968311,0.04545454545454545454545454545,0.0005878894767783656672545561434,0.9538856970063501663138796492,0.9687691057966450986854599298,0.375,0.375,0.01485512620011495205707166738
com/google/javascript/jscomp/parsing/parser/trees/Comment.java,0E+47,0,0,0E+31,0E+32,0,0,0E+42
com/google/javascript/rhino/jstype/Ternary.java,0E+46,0,0,0E+31,0E+33,0,0,0E+46
com/google/javascript/jscomp/Abstract.java,0E+47,0,0,0E+31,0E+32,0,0,0E+40
com/google/javascript/jscomp/newtypes/J.java,0E+45,0,0,0E+30,0E+31,0,0,0E+42
com/google/javascript/jscomp/Function.java,0E+45,0,0,0E+30,0E+32,0,0,0E+45
com/google/javascript/jscomp/Node.java,0E+46,0,0,0E+31,0E+33,0,0,0E+46
com/google/javascript/rhino/Node.java,0.1280368799328959805181283644,0.01639344262295081967213114754,0.0005884660651235778736759513535,1,1,1,1,0.02425831950328748372521536202
com/google/javascript/jscomp/Source.java,0.04267895997763199350604278812,0.01990049751243781094527363184,0.004043273959130149710414162387,0.4962246342614440773949976405,0.3206359894818262298396874469,0.02777777777777777777777777778,0.009046454767726161369193154034,0.008102893941834260613520257325
com/google/javascript/jscomp/Variable.java,0E+47,0,0,0E+31,0E+32,0,0,0E+42
com/google/javascript/jscomp/graph/Graph.java,0.2217663812863718503308144810,0.04918032786885245901639344262,0.03805413887799136916437818752,1,1,1,1,0.1950747007635571709524553335
com/google/javascript/jscomp/Compiler.java,0.03257983924495379625957338124,0.01522842639593908629441624365,0.003471074380165289256198347107,0.4319753509072235535775419376,0.5328031956507236776937191420,0.02158273381294964028776978417,0.02158273381294964028776978417,0.009428941886055534087064969000
com/google/javascript/jscomp/regex/Char.java,0E+48,0,0,0E+30,0E+31,0,0,0E+42
com/google/javascript/jscomp/graph/Fixed.java,0.1280368799328959805181283644,0.01639344262295081967213114754,0.0001961553550411926245586504512,1,1,1,1,0.01400554729531097671671598248
com/google/javascript/jscomp/Control.java,0E+46,0,0,0E+31,0E+33,0,0,0E+46
java/util/Arrays.java,0E+47,0,0,0E+31,0E+28,0,0,0E+38
com/google/javascript/rhino/J.java,0.1280368799328959805181283644,0.01639344262295081967213114754,0.0005884660651235778736759513535,1,1,1,1,0.02425831950328748372521536202
com/google/javascript/rhino/I.java,0.1810714920850370556379957748,0.03278688524590163934426229508,0.001569242840329540996469203609,1,1,1,1,0.03961366986697320548552444636
com/google/javascript/jscomp/Process.java,0E+47,0,0,0E+31,0E+33,0,0,0E+43
java/util/Map.java,0.1280368799328959805181283644,0.01639344262295081967213114754,0.0001961553550411926245586504512,1,1,1,1,0.01400554729531097671671598248
com/google/javascript/rhino/jstype/Ternary.java,0.04526787302125926390949894369,0.01470588235294117647058823529,0.0005860519632740769681578433288,0.8312252964426877470355731227,0.8807481395092381261090262625,0.125,0.125,0.008576611110482229849294578833
com/google/javascript/jscomp/Property.java,0E+46,0,0,0E+31,0E+32,0,0,0E+45
com/google/javascript/jscomp/Type.java,0E+47,0,0,0E+31,0E+32,0,0,0E+44
com/google/javascript/rhino/J.java,0.1280368799328959805181283644,0.01639344262295081967213114754,0.0003923107100823852491173009023,1,1,1,1,0.01980683493348660274276222318
com/google/javascript/rhino/Input.java,0E+47,0,0,0E+31,0E+32,0,0,0E+40
com/google/common/collect/Lists.java,0.1810714920850370556379957748,0.03278688524590163934426229508,0.001373087485288348371910553158,1,1,1,1,0.03705519511874614733059190911
com/google/javascript/jscomp/parsing/parser/Parser.java,0E+47,0,0,0E+31,0E+33,0,0,0E+46
com/google/javascript/jscomp/graph/Graph.java,0.2862991671569341373027453101,0.08196721311475409836065573770,0.006865437426441741859552765791,1,1,1,1,0.08285793520503477518139389769
com/google/javascript/jscomp/Warning.java,0E+46,0,0,0E+31,0E+32,0,0,0E+40
com/google/javascript/rhino/jstype/Ternary.java,0.04526787302125926390949894369,0.01470588235294117647058823529,0.0005860519632740769681578433288,0.8312252964426877470355731227,0.8807481395092381261090262625,0.125,0.125,0.008576611110482229849294578833
com/google/javascript/jscomp/parsing/parser/Keywords.java,0E+47,0,0,0E+31,0E+31,0,0,0E+44
com/google/javascript/rhino/Node.java,0.1280368799328959805181283644,0.01639344262295081967213114754,0.003334641035700274617497057670,1,1,1,1,0.05774635084315090115564921379
java/util/concurrent/Copy.java,0E+47,0,0,0E+31,0E+33,0,0,0E+43
com/google/javascript/rhino/Static.java,0.1280368799328959805181283644,0.01639344262295081967213114754,0.001176932130247155747351902707,1,1,1,1,0.03430644444192891939717831533
com/google/javascript/jscomp/Dot.java,0.1280368799328959805181283644,0.01639344262295081967213114754,0.001765398195370733621027854060,1,1,1,1,0.04201664188593293015014794743
com/google/javascript/rhino/Node.java,0.1280368799328959805181283644,0.01639344262295081967213114754,0.0003923107100823852491173009023,1,1,1,1,0.01980683493348660274276222318
com/google/javascript/jscomp/Error.java,0.1358036190637777917284968311,0.04545454545454545454545454545,0.002344665885111371629542790152,0.9538856970063501663138796492,0.9687691057966450986854599298,0.375,0.375,0.02971025240022990411414333477
com/google/common/base/Preconditions.java,0.1810714920850370556379957748,0.03278688524590163934426229508,0.0007846214201647704982346018046,1,1,1,1,0.02801109459062195343343196496
com/google/javascript/jscomp/Global.java,0.05725983343138682746054906201,0.01538461538461538461538461538,0.001365587202497073741708934842,0.8960374946740519812526629740,0.9281858040886760226092162491,0.2,0.2,0.01657158704100695503627877954
com/google/javascript/jscomp/Compiler.java,0E+47,0,0,0E+31,0E+33,0,0,0E+46
com/google/debugging/sourcemap/Source.java,0E+46,0,0,0E+31,0E+32,0,0,0E+42
java/util/Arrays.java,0.06210700940445369159653689345,0.02631578947368421052631578947,0.001719197707736389684813753582,0.8213239601640304628002343291,0.7725362018412026993710781950,0.1176470588235294117647058824,0.06164383561643835616438356164,0.01043196607322849921723127616
com/google/javascript/jscomp/Check.java,0.04094633178244605826559519313,0.02054794520547945205479452055,0.001681300205492247337941341304,0.5488950756916652166347659648,0.6459777176661473392161396187,0.03409090909090909090909090909,0.03409090909090909090909090909,0.007757836643526250425287228913
com/google/javascript/jscomp/Js.java,0.1280368799328959805181283644,0.01639344262295081967213114754,0.0003923107100823852491173009023,1,1,1,1,0.01980683493348660274276222318
com/google/javascript/jscomp/Variable.java,0E+46,0,0,0E+31,0E+32,0,0,0E+45
com/google/javascript/rhino/J.java,0.1280368799328959805181283644,0.01639344262295081967213114754,0.0003923107100823852491173009023,1,1,1,1,0.01980683493348660274276222318
com/google/javascript/rhino/I.java,0.1280368799328959805181283644,0.01639344262295081967213114754,0.0001961553550411926245586504512,1,1,1,1,0.01400554729531097671671598248
com/google/javascript/rhino/Node.java,0.2862991671569341373027453101,0.08196721311475409836065573770,0.01804629266378972145939584151,1,1,1,1,0.1343364904401991575761724075
java/lang/String.java,0E+47,0,0,0E+31,0E+32,0,0,0E+40
com/google/debugging/sourcemap/Base.java,0.1280368799328959805181283644,0.01639344262295081967213114754,0.0009807767752059631227932522558,1,1,1,1,0.03131735581440366827087194262
com/google/javascript/rhino/I.java,0.1280368799328959805181283644,0.01639344262295081967213114754,0.0003923107100823852491173009023,1,1,1,1,0.01980683493348660274276222318
com/google/javascript/rhino/jstype/Ternary.java,0E+46,0,0,0E+31,0E+32,0,0,0E+40
java/util/Array.java,0.2862991671569341373027453101,0.08196721311475409836065573770,0.03923107100823852491173009023,1,1,1,1,0.1980683493348660330026927360
com/google/javascript/jscomp/graph/Graph.java,0.09053574604251852781899788739,0.01612903225806451612903225806,0.0001961168856638556579721514022,0.9718114602587800369685767097,0.9810244136662932096582682265,0.5,0.5,0.009903417466743301371381111589
com/google/javascript/jscomp/graph/Graph.java,0.1280368799328959805181283644,0.01639344262295081967213114754,0.0001961553550411926245586504512,1,1,1,1,0.01400554729531097671671598248
com/google/javascript/rhino/Node.java,0.1810714920850370556379957748,0.03278688524590163934426229508,0.002550019615535504119262455865,1,1,1,1,0.05049771891417972276605498422
com/google/javascript/jscomp/newtypes/Mask.java,0E+46,0,0,0E+30,0E+31,0,0,0E+44
com/google/javascript/rhino/Node.java,0.1810714920850370556379957748,0.03278688524590163934426229508,0.001765398195370733621027854060,1,1,1,1,0.04201664188593293015014794743
com/google/javascript/jscomp/Side.java,0E+47,0,0,0E+31,0E+33,0,0,0E+46
com/google/javascript/rhino/J.java,0.1280368799328959805181283644,0.01639344262295081967213114754,0.0003923107100823852491173009023,1,1,1,1,0.01980683493348660274276222318
com/google/javascript/rhino/J.java,0.1280368799328959805181283644,0.01639344262295081967213114754,0.001176932130247155747351902707,1,1,1,1,0.03430644444192891939717831533
com/google/javascript/jscomp/Error.java,0.2217663812863718503308144810,0.04918032786885245901639344262,0.005492349941153393487642212632,1,1,1,1,0.07411039023749229466118381821
com/google/javascript/jscomp/Dot.java,0.1280368799328959805181283644,0.01639344262295081967213114754,0.0001961553550411926245586504512,1,1,1,1,0.01400554729531097671671598248
com/google/javascript/rhino/Node.java,0.2217663812863718503308144810,0.04918032786885245901639344262,0.001961553550411926245586504512,1,1,1,1,0.04428942933039356917468196966
com/google/javascript/jscomp/graph/Di.java,0.1280368799328959805181283644,0.01639344262295081967213114754,0.0001961553550411926245586504512,1,1,1,1,0.01400554729531097671671598248
com/google/javascript/jscomp/Diagnostic.java,0.03735219680565763394294618358,0.01886792452830188679245283019,0.001714612307106115450562011812,0.6050927924039706517047906776,0.7549869265547692214655944796,0.04255319148936170212765957447,0.05625,0.009965121599338553064303443173
com/google/javascript/rhino/J.java,0.1280368799328959805181283644,0.01639344262295081967213114754,0.0007846214201647704982346018046,1,1,1,1,0.02801109459062195343343196496
com/google/javascript/rhino/Node.java,0.1810714920850370556379957748,0.03278688524590163934426229508,0.001373087485288348371910553158,1,1,1,1,0.03705519511874614733059190911
com/google/javascript/jscomp/newtypes/Enum.java,0E+47,0,0,0E+31,0E+32,0,0,0E+44
com/google/javascript/jscomp/newtypes/Object.java,0E+46,0,0,0E+31,0E+32,0,0,0E+45
com/google/javascript/jscomp/Css.java,0E+46,0,0,0E+31,0E+32,0,0,0E+42
java/lang/String.java,0.1810714920850370556379957748,0.03278688524590163934426229508,0.001176932130247155747351902707,1,1,1,1,0.03430644444192891939717831533
com/google/javascript/jscomp/Process.java,0E+46,0,0,0E+31,0E+32,0,0,0E+41
java/lang/Illegal.java,0E+47,0,0,0E+31,0E+32,0,0,0E+44
com/google/javascript/rhino/jstype/Boolean.java,0E+47,0,0,0E+31,0E+31,0,0,0E+42
com/google/javascript/jscomp/Function.java,0.09053574604251852781899788739,0.01612903225806451612903225806,0.0003921568627450980392156862745,0.9718114602587800369685767097,0.9810244136662932096582682265,0.5,0.5,0.01400554729531097671671598248
java/lang/Thread.java,0E+47,0,0,0E+31,0E+33,0,0,0E+43
com/google/javascript/jscomp/Css.java,0E+47,0,0,0E+31,0E+33,0,0,0E+43
com/google/javascript/jscomp/Closure.java,0E+46,0,0,0E+31,0E+31,0,0,0E+42
com/google/javascript/jscomp/Abstract.java,0E+47,0,0,0E+31,0E+33,0,0,0E+43
com/google/javascript/jscomp/Conformance.java,0E+47,0,0,0E+31,0E+32,0,0,0E+44
com/google/javascript/jscomp/newtypes/Property.java,0E+46,0,0,0E+31,0E+32,0,0,0E+40
com/google/javascript/jscomp/Function.java,0E+45,0,0,0E+30,0E+32,0,0,0E+45
com/google/javascript/jscomp/Node.java,0E+47,0,0,0E+31,0E+33,0,0,0E+43
com/google/javascript/jscomp/deps/Closure.java,0E+47,0,0,0E+31,0E+33,0,0,0E+46
java/lang/String.java,0E+47,0,0,0E+31,0E+31,0,0,0E+43
com/google/javascript/jscomp/Lightweight.java,0.2217663812863718503308144810,0.04918032786885245901639344262,0.005492349941153393487642212632,1,1,1,1,0.07411039023749229466118381821
com/google/javascript/rhino/jstype/Boolean.java,0E+47,0,0,0E+31,0E+31,0,0,0E+44
com/google/common/base/Splitter.java,0E+47,0,0,0E+31,0E+33,0,0,0E+43
com/google/javascript/jscomp/graph/Undi.java,0.1810714920850370556379957748,0.03278688524590163934426229508,0.002746174970576696743821106316,1,1,1,1,0.05240395949331211839333690185
com/google/javascript/jscomp/newtypes/Persistent.java,0E+47,0,0,0E+31,0E+33,0,0,0E+43
com/google/common/collect/Sets.java,0.1280368799328959805181283644,0.01639344262295081967213114754,0.005688505296194586112200863084,1,1,1,1,0.07542218039936651770977202944
com/google/javascript/jscomp/newtypes/Persistent.java,0E+46,0,0,0E+30,0E+32,0,0,0E+42
com/google/javascript/rhino/jstype/Ternary.java,0.04526787302125926390949894369,0.01470588235294117647058823529,0.0001958863858961802154750244858,0.8312252964426877470355731227,0.8807481395092381261090262626,0.125,0.125,0.004951708733371650685690555794
com/google/javascript/jscomp/parsing/Type.java,0E+49,0,0,0E+30,0E+31,0,0,0E+42
java/util/Objects.java,0.1280368799328959805181283644,0.01639344262295081967213114754,0.0001961553550411926245586504512,1,1,1,1,0.01400554729531097671671598248
com/google/javascript/rhino/J.java,0.1280368799328959805181283644,0.01639344262295081967213114754,0.0003923107100823852491173009023,1,1,1,1,0.01980683493348660274276222318
com/google/javascript/jscomp/Dead.java,0E+47,0,0,0E+31,0E+32,0,0,0E+44
com/google/javascript/rhino/Node.java,0.1280368799328959805181283644,0.01639344262295081967213114754,0.0001961553550411926245586504512,1,1,1,1,0.01400554729531097671671598248
com/google/javascript/jscomp/parsing/Js.java,0.09053574604251852781899788739,0.01612903225806451612903225806,0.004102363742918538777104903301,0.9718114602587800369685767097,0.9810244136662932096582682264,0.5,0.5,0.04538316018009898968132160057
java/lang/Object.java,0.1280368799328959805181283644,0.01639344262295081967213114754,0.0003923107100823852491173009023,1,1,1,1,0.01980683493348660274276222318
com/google/javascript/jscomp/Check.java,0E+45,0,0,0E+30,0E+32,0,0,0E+40
com/google/javascript/rhino/Node.java,0.1280368799328959805181283644,0.01639344262295081967213114754,0.001961553550411926245586504512,1,1,1,1,0.04428942933039356917468196966
com/google/common/base/Preconditions.java,0.1280368799328959805181283644,0.01639344262295081967213114754,0.0005884660651235778736759513535,1,1,1,1,0.02425831950328748372521536202
com/google/javascript/jscomp/Source.java,0E+49,0,0,0E+30,0E+32,0,0,0E+44
com/google/javascript/jscomp/Compiler.java,0E+46,0,0,0E+31,0E+33,0,0,0E+46
com/google/javascript/rhino/I.java,0.1280368799328959805181283644,0.01639344262295081967213114754,0.0005884660651235778736759513535,1,1,1,1,0.02425831950328748372521536202
com/google/javascript/jscomp/Compiler.java,0E+47,0,0,0E+31,0E+33,0,0,0E+43
com/google/javascript/jscomp/Variable.java,0E+47,0,0,0E+31,0E+33,0,0,0E+43
com/google/javascript/jscomp/Compiler.java,0E+47,0,0,0E+31,0E+33,0,0,0E+43
com/google/javascript/jscomp/graph/Linked.java,0.2217663812863718503308144810,0.04918032786885245901639344262,0.01883091408395449195763044331,1,1,1,1,0.1372257777677156775887132613
com/google/javascript/jscomp/regex/Char.java,0E+48,0,0,0E+30,0E+32,0,0,0E+44
com/google/javascript/rhino/I.java,0.1280368799328959805181283644,0.01639344262295081967213114754,0.0001961553550411926245586504512,1,1,1,1,0.01400554729531097671671598248
com/google/javascript/jscomp/Compiler.java,0E+46,0,0,0E+31,0E+33,0,0,0E+46
com/google/javascript/jscomp/Command.java,0E+46,0,0,0E+31,0E+32,0,0,0E+40
java/util/Hash.java,0.1280368799328959805181283644,0.01639344262295081967213114754,0.001765398195370733621027854060,1,1,1,1,0.04201664188593293015014794743
com/google/javascript/jscomp/Warnings.java,0E+47,0,0,0E+31,0E+32,0,0,0E+44
com/google/javascript/jscomp/Anonymous.java,0E+47,0,0,0E+31,0E+32,0,0,0E+44
com/google/javascript/jscomp/Js.java,0.1280368799328959805181283644,0.01639344262295081967213114754,0.0003923107100823852491173009023,1,1,1,1,0.01980683493348660274276222318
com/google/javascript/jscomp/Check.java,0E+47,0,0,0E+31,0E+32,0,0,0E+42
com/google/javascript/jscomp/parsing/parser/Parser.java,0E+47,0,0,0E+31,0E+33,0,0,0E+46
com/google/javascript/jscomp/regex/Case.java,0E+47,0,0,0E+31,0E+31,0,0,0E+43
com/google/javascript/jscomp/parsing/parser/Token.java,0E+49,0,0,0E+30,0E+31,0,0,0E+42
com/google/javascript/jscomp/Source.java,0E+49,0,0,0E+30,0E+32,0,0,0E+40
com/google/javascript/jscomp/Compiler.java,0E+46,0,0,0E+31,0E+32,0,0,0E+40
com/google/javascript/rhino/Node.java,0.1810714920850370556379957748,0.03278688524590163934426229508,0.001765398195370733621027854060,1,1,1,1,0.04201664188593293015014794743
com/google/javascript/jscomp/Js.java,0.09053574604251852781899788739,0.01612903225806451612903225806,0.0005881199764752009409919623603,0.9718114602587800369685767097,0.9810244136662932096582682265,0.5,0.5,0.01715322222096445969858915767
com/google/javascript/rhino/Node.java,0.1280368799328959805181283644,0.01639344262295081967213114754,0.0005884660651235778736759513535,1,1,1,1,0.02425831950328748372521536202
com/google/javascript/jscomp/Expression.java,0.09053574604251852781899788739,0.01612903225806451612903225806,0.0005881199764752009409919623603,0.9718114602587800369685767097,0.9810244136662932096582682265,0.5,0.5,0.01715322222096445969858915767
com/google/javascript/jscomp/Source.java,0E+49,0,0,0E+30,0E+32,0,0,0E+40
com/google/javascript/rhino/Node.java,0.1280368799328959805181283644,0.01639344262295081967213114754,0.0001961553550411926245586504512,1,1,1,1,0.01400554729531097671671598248
java/lang/Integer.java,0.1280368799328959805181283644,0.01639344262295081967213114754,0.002353864260494311494703805414,1,1,1,1,0.04851663900657496745043072404
com/google/javascript/jscomp/Compiler.java,0E+46,0,0,0E+31,0E+32,0,0,0E+45
com/google/javascript/jscomp/graph/Linked.java,0.2560737598657919610362567287,0.06557377049180327868852459016,0.01765398195370733621027854060,1,1,1,1,0.1328682879911807130991164132
com/google/javascript/jscomp/Code.java,0E+47,0,0,0E+31,0E+33,0,0,0E+43
com/google/javascript/rhino/Node.java,0.1280368799328959805181283644,0.01639344262295081967213114754,0.002550019615535504119262455865,1,1,1,1,0.05049771891417972276605498422
com/google/javascript/jscomp/Diagnostic.java,0.04267895997763198919187924374,0.02158273381294964028776978417,0.002757859900717043574186431329,0.5700731905665492003252914069,0.6945783832112614094893007790,0.03703703703703703703703703704,0.04213483146067415730337078652,0.01113438783101883382755674399
com/google/javascript/jscomp/Source.java,0E+49,0,0,0E+30,0E+32,0,0,0E+44
com/google/javascript/jscomp/Global.java,0.1280368799328959805181283644,0.01639344262295081967213114754,0.0007846214201647704982346018046,1,1,1,1,0.02801109459062195343343196496
com/google/javascript/rhino/Node.java,0.1280368799328959805181283644,0.01639344262295081967213114754,0.0005884660651235778736759513535,1,1,1,1,0.02425831950328748372521536202
com/google/javascript/jscomp/regex/Reg.java,0E+48,0,0,0E+30,0E+32,0,0,0E+43
com/google/javascript/jscomp/Command.java,0E+47,0,0,0E+31,0E+32,0,0,0E+44
com/google/javascript/rhino/Node.java,0.1280368799328959805181283644,0.01639344262295081967213114754,0.0005884660651235778736759513535,1,1,1,1,0.02425831950328748372521536202
com/google/javascript/jscomp/Variable.java,0E+47,0,0,0E+31,0E+33,0,0,0E+43
com/google/javascript/jscomp/Abstract.java,0E+47,0,0,0E+31,0E+32,0,0,0E+44
com/google/javascript/rhino/Node.java,0.1810714920850370556379957748,0.03278688524590163934426229508,0.001765398195370733621027854060,1,1,1,1,0.04201664188593293015014794743
com/google/javascript/jscomp/graph/Graph.java,0.1280368799328959805181283644,0.01639344262295081967213114754,0.0001961553550411926245586504512,1,1,1,1,0.01400554729531097671671598248
com/google/javascript/rhino/Node.java,0.1280368799328959805181283644,0.01639344262295081967213114754,0.003726951745782659866614358572,1,1,1,1,0.06104876530923995236333238455
java/util/Map.java,0.2560737598657919610362567287,0.06557377049180327868852459016,0.01843860337387210670851314241,1,1,1,1,0.1357888190311415475568206586
com/google/javascript/jscomp/Coalesce.java,0E+47,0,0,0E+31,0E+33,0,0,0E+43
com/google/javascript/rhino/Node.java,0.1810714920850370556379957748,0.03278688524590163934426229508,0.001765398195370733621027854060,1,1,1,1,0.04201664188593293015014794743
java/util/logging/Logger.java,0E+46,0,0,0E+30,0E+32,0,0,0E+43
java/lang/String.java,0.1280368799328959805181283644,0.01639344262295081967213114754,0.001373087485288348371910553158,1,1,1,1,0.03705519511874614733059190911
com/google/javascript/jscomp/parsing/Js.java,0E+47,0,0,0E+31,0E+32,0,0,0E+44
com/google/javascript/jscomp/Rename.java,0E+47,0,0,0E+31,0E+33,0,0,0E+43
com/google/debugging/sourcemap/Base.java,0.1280368799328959805181283644,0.01639344262295081967213114754,0.001373087485288348371910553158,1,1,1,1,0.03705519511874614733059190911
java/lang/Appendable.java,0.2217663812863718503308144810,0.04918032786885245901639344262,0.01314240878775990584542958023,1,1,1,1,0.1146403453752643976305547127
com/google/javascript/rhino/Node.java,0.1810714920850370556379957748,0.03278688524590163934426229508,0.001765398195370733621027854060,1,1,1,1,0.04201664188593293015014794743
com/google/javascript/jscomp/Function.java,0E+45,0,0,0E+30,0E+31,0,0,0E+42
com/google/javascript/jscomp/Side.java,0E+47,0,0,0E+31,0E+33,0,0,0E+43
com/google/javascript/jscomp/newtypes/Property.java,0E+47,0,0,0E+31,0E+32,0,0,0E+44
com/google/javascript/rhino/Node.java,0.1280368799328959805181283644,0.01639344262295081967213114754,0.001961553550411926245586504512,1,1,1,1,0.04428942933039356917468196966
com/google/javascript/jscomp/Global.java,0.09053574604251852781899788739,0.01612903225806451612903225806,0.0009798157946306094454242602391,0.9718114602587800369685767097,0.9810244136662932096582682265,0.5,0.5,0.02214471466519678458734098483
com/google/javascript/rhino/Node.java,0.1280368799328959805181283644,0.01639344262295081967213114754,0.001961553550411926245586504512,1,1,1,1,0.04428942933039356917468196966
java/lang/String.java,0.05316442066501517631717972091,0.02487562189054726368159203980,0.004917495355698830728882089389,0.5518236683285226974547362896,0.3646805880317609986603440341,0.03448275862068965517241379310,0.01098096632503660322108345534,0.009845247110572292572381382590
com/google/javascript/jscomp/Compiler.java,0E+47,0,0,0E+31,0E+32,0,0,0E+44
java/lang/String.java,0.1280368799328959805181283644,0.01639344262295081967213114754,0.0001961553550411926245586504512,1,1,1,1,0.01400554729531097671671598248
java/util/List.java,0.1280368799328959805181283644,0.01639344262295081967213114754,0.0003923107100823852491173009023,1,1,1,1,0.01980683493348660274276222318
com/google/javascript/jscomp/Source.java,0.04267895997763199350604278812,0.01990049751243781094527363184,0.004043273959130149710414162387,0.4962246342614440773949976405,0.3206359894818262298396874469,0.02777777777777777777777777778,0.009046454767726161369193154034,0.008102893941834260613520257325
com/google/javascript/jscomp/Process.java,0E+46,0,0,0E+31,0E+32,0,0,0E+42
com/google/javascript/rhino/jstype/J.java,0.1280368799328959805181283644,0.01639344262295081967213114754,0.0001961553550411926245586504512,1,1,1,1,0.01400554729531097671671598248
java/util/Hash.java,0.1280368799328959805181283644,0.01639344262295081967213114754,0.002353864260494311494703805414,1,1,1,1,0.04851663900657496745043072404
java/lang/String.java,0.1280368799328959805181283644,0.01639344262295081967213114754,0.001765398195370733621027854060,1,1,1,1,0.04201664188593293015014794743
com/google/javascript/rhino/Node.java,0.1280368799328959805181283644,0.01639344262295081967213114754,0.001765398195370733621027854060,1,1,1,1,0.04201664188593293015014794743
java/text/Message.java,0E+47,0,0,0E+31,0E+32,0,0,0E+41
com/google/javascript/jscomp/Source.java,0.04267895997763199350604278812,0.01990049751243781094527363184,0.004043273959130149710414162387,0.4962246342614440773949976405,0.3206359894818262298396874469,0.02777777777777777777777777778,0.009046454767726161369193154034,0.008102893941834260613520257325
com/google/javascript/jscomp/Diagnostic.java,0.04267895997763198919187924374,0.02158273381294964028776978417,0.002757859900717043574186431329,0.5700731905665492003252914069,0.6945783832112614094893007790,0.03703703703703703703703703704,0.04213483146067415730337078652,0.01113438783101883382755674399
com/google/common/collect/Immutable.java,0E+46,0,0,0E+31,0E+33,0,0,0E+46
com/google/javascript/jscomp/Check.java,0E+47,0,0,0E+31,0E+32,0,0,0E+42
com/google/common/base/Preconditions.java,0.2560737598657919610362567287,0.06557377049180327868852459016,0.003923107100823852491173009023,1,1,1,1,0.06263471162880733654174388524
com/google/javascript/jscomp/Function.java,0.09053574604251852781899788739,0.01612903225806451612903225806,0.0005881199764752009409919623603,0.9718114602587800369685767097,0.9810244136662932096582682265,0.5,0.5,0.01715322222096445969858915767
com/google/javascript/jscomp/Source.java,0.04267895997763199350604278812,0.01990049751243781094527363184,0.004043273959130149710414162387,0.4962246342614440773949976405,0.3206359894818262298396874469,0.02777777777777777777777777778,0.009046454767726161369193154034,0.008102893941834260613520257325
com/google/javascript/jscomp/Check.java,0E+47,0,0,0E+31,0E+33,0,0,0E+43
com/google/javascript/jscomp/regex/Char.java,0E+47,0,0,0E+30,0E+31,0,0,0E+43
com/google/javascript/jscomp/Error.java,0.1358036190637777917284968311,0.04545454545454545454545454545,0.0005878894767783656672545561434,0.9538856970063501663138796492,0.9687691057966450986854599298,0.375,0.375,0.01485512620011495205707166738
com/google/javascript/jscomp/Compilation.java,0E+47,0,0,0E+31,0E+33,0,0,0E+43
com/google/javascript/jscomp/Coding.java,0.1280368799328959805181283644,0.01639344262295081967213114754,0.001569242840329540996469203609,1,1,1,1,0.03961366986697320548552444636
com/google/javascript/jscomp/Dot.java,0.1280368799328959805181283644,0.01639344262295081967213114754,0.0001961553550411926245586504512,1,1,1,1,0.01400554729531097671671598248
com/google/javascript/rhino/Node.java,0.1810714920850370556379957748,0.03278688524590163934426229508,0.008434680266771282856021969400,1,1,1,1,0.09184051538820588855286287907
com/google/javascript/jscomp/Replace.java,0E+47,0,0,0E+31,0E+32,0,0,0E+42
com/google/javascript/jscomp/newtypes/Property.java,0E+47,0,0,0E+31,0E+33,0,0,0E+43
com/google/javascript/jscomp/Js.java,0.1280368799328959805181283644,0.01639344262295081967213114754,0.0003923107100823852491173009023,1,1,1,1,0.01980683493348660274276222318
com/google/javascript/rhino/jstype/J.java,0.02337622911060922063008202338,0.01111111111111111111111111111,0.0001950458357714062804759118393,0.5431301652892561983471074381,0.6406412172919629075971366416,0.03333333333333333333333333333,0.03333333333333333333333333333,0.002557051394615763623471071403
com/google/javascript/jscomp/Error.java,0.1358036190637777917284968311,0.04545454545454545454545454545,0.0005878894767783656672545561434,0.9538856970063501663138796492,0.9687691057966450986854599298,0.375,0.375,0.01485512620011495205707166738
com/google/javascript/rhino/Node.java,0.1280368799328959805181283644,0.01639344262295081967213114754,0.001961553550411926245586504512,1,1,1,1,0.04428942933039356917468196966
com/google/javascript/jscomp/Side.java,0E+46,0,0,0E+31,0E+32,0,0,0E+42
com/google/javascript/rhino/J.java,0.1280368799328959805181283644,0.01639344262295081967213114754,0.0003923107100823852491173009023,1,1,1,1,0.01980683493348660274276222318
com/google/javascript/jscomp/newtypes/Naive.java,0E+49,0,0,0E+30,0E+32,0,0,0E+44
com/google/debugging/sourcemap/Base.java,0.1810714920850370556379957748,0.03278688524590163934426229508,0.002550019615535504119262455865,1,1,1,1,0.05049771891417972276605498422
com/google/javascript/jscomp/Check.java,0E+47,0,0,0E+31,0E+33,0,0,0E+43
java/util/Arrays.java,0E+47,0,0,0E+31,0E+32,0,0,0E+45
com/google/javascript/jscomp/Side.java,0E+47,0,0,0E+31,0E+33,0,0,0E+46
[I.java,0E+48,0,0,0E+30,0E+31,0,0,0E+43
com/google/javascript/jscomp/newtypes/Property.java,0E+47,0,0,0E+31,0E+33,0,0,0E+43
com/google/javascript/jscomp/Function.java,0E+45,0,0,0E+30,0E+32,0,0,0E+45
com/google/javascript/jscomp/graph/Fixed.java,0.1280368799328959805181283644,0.01639344262295081967213114754,0.0001961553550411926245586504512,1,1,1,1,0.01400554729531097671671598248
com/google/javascript/jscomp/Function.java,0E+45,0,0,0E+30,0E+32,0,0,0E+45
com/google/javascript/jscomp/regex/Reg.java,0E+48,0,0,0E+30,0E+32,0,0,0E+44
com/google/javascript/jscomp/newtypes/Object.java,0E+47,0,0,0E+31,0E+33,0,0,0E+43
java/lang/Integer.java,0.04526787302125926390949894369,0.01470588235294117647058823529,0.001756097560975609756097560976,0.8312252964426877470355731227,0.9451546850177689640209856667,0.125,0.25,0.02100832094296646507507397372
com/google/javascript/jscomp/Check.java,0E+47,0,0,0E+31,0E+32,0,0,0E+44
com/google/javascript/jscomp/Inline.java,0E+47,0,0,0E+31,0E+33,0,0,0E+43
com/google/javascript/jscomp/Compiler.java,0E+47,0,0,0E+31,0E+32,0,0,0E+40
com/google/common/io/Char.java,0.1280368799328959805181283644,0.01639344262295081967213114754,0.001569242840329540996469203609,1,1,1,1,0.03961366986697320548552444636
java/util/Abstract.java,0E+46,0,0,0E+30,0E+32,0,0,0E+42
com/google/javascript/jscomp/Source.java,0E+47,0,0,0E+31,0E+32,0,0,0E+40
com/google/javascript/rhino/Node.java,0.1810714920850370556379957748,0.03278688524590163934426229508,0.005100039231071008238524911730,1,1,1,1,0.07141455895733732027249709285
com/google/javascript/rhino/J.java,0.1280368799328959805181283644,0.01639344262295081967213114754,0.0003923107100823852491173009023,1,1,1,1,0.01980683493348660274276222318
com/google/javascript/jscomp/Compiler.java,0E+47,0,0,0E+31,0E+33,0,0,0E+43
java/util/Collection.java,0.1280368799328959805181283644,0.01639344262295081967213114754,0.0001961553550411926245586504512,1,1,1,1,0.01400554729531097671671598248
com/google/javascript/rhino/Node.java,0.1280368799328959805181283644,0.01639344262295081967213114754,0.0001961553550411926245586504512,1,1,1,1,0.01400554729531097671671598248
com/google/javascript/jscomp/newtypes/Naive.java,0E+49,0,0,0E+30,0E+32,0,0,0E+44
com/google/javascript/rhino/J.java,0E+47,0,0,0E+31,0E+32,0,0,0E+44
java/util/Hash.java,0.2024440825447290116679313904,0.07575757575757575757575757576,0.004703115814226925338036449148,0.9718114602587800369685767098,0.9959864600892898474917816118,0.5,0.8275862068965517241379310345,0.06241835619257918707015616230
com/google/javascript/jscomp/Coverage.java,0E+47,0,0,0E+31,0E+33,0,0,0E+46
com/google/javascript/rhino/Node.java,0.1280368799328959805181283644,0.01639344262295081967213114754,0.0003923107100823852491173009023,1,1,1,1,0.01980683493348660274276222318
java/lang/Class.java,0E+48,0,0,0E+30,0E+32,0,0,0E+44
java/lang/Math.java,0E+47,0,0,0E+31,0E+32,0,0,0E+44
com/google/javascript/jscomp/Node.java,0E+46,0,0,0E+31,0E+32,0,0,0E+43
com/google/javascript/jscomp/Abstract.java,0E+46,0,0,0E+31,0E+32,0,0,0E+42
com/google/javascript/jscomp/graph/Linked.java,0.2560737598657919610362567287,0.06557377049180327868852459016,0.01843860337387210670851314241,1,1,1,1,0.1357888190311415475568206586
com/google/javascript/jscomp/parsing/parser/Parser.java,0E+47,0,0,0E+31,0E+32,0,0,0E+40
com/google/javascript/jscomp/Show.java,0E+47,0,0,0E+31,0E+33,0,0,0E+46
com/google/javascript/jscomp/Css.java,0E+47,0,0,0E+31,0E+33,0,0,0E+43
com/google/javascript/jscomp/newtypes/Typedef.java,0E+47,0,0,0E+31,0E+32,0,0,0E+44
com/google/javascript/rhino/J.java,0.1280368799328959805181283644,0.01639344262295081967213114754,0.0003923107100823852491173009023,1,1,1,1,0.01980683493348660274276222318
com/google/javascript/jscomp/parsing/Type.java,0E+46,0,0,0E+31,0E+31,0,0,0E+44
com/google/javascript/rhino/Node.java,0.1280368799328959805181283644,0.01639344262295081967213114754,0.001176932130247155747351902707,1,1,1,1,0.03430644444192891939717831533
com/google/javascript/rhino/J.java,0.1280368799328959805181283644,0.01639344262295081967213114754,0.0001961553550411926245586504512,1,1,1,1,0.01400554729531097671671598248
com/google/javascript/jscomp/Compilation.java,0E+47,0,0,0E+31,0E+32,0,0,0E+44
com/google/javascript/rhino/jstype/Equivalence.java,0E+47,0,0,0E+31,0E+32,0,0,0E+44
com/google/common/collect/Immutable.java,0E+47,0,0,0E+31,0E+33,0,0,0E+43
com/google/javascript/jscomp/graph/Linked.java,0.2217663812863718503308144810,0.04918032786885245901639344262,0.01883091408395449195763044331,1,1,1,1,0.1372257777677156775887132613
java/lang/Object.java,0.2160791167272289037031254778,0.08645533141210374639769452450,0.04334796849954700676005296536,0.7833763782656203436972285686,0.7765888532491653252030348172,0.09493670886075949367088607595,0.06300010128633647320976400284,0.08767300668079891130291567316
com/google/javascript/jscomp/Error.java,0.1358036190637777917284968311,0.04545454545454545454545454545,0.002344665885111371629542790152,0.9538856970063501663138796492,0.9687691057966450986854599298,0.375,0.375,0.02971025240022990411414333477
com/google/common/base/Char.java,0E+47,0,0,0E+31,0E+33,0,0,0E+43
java/lang/String.java,0.1280368799328959805181283644,0.01639344262295081967213114754,0.001176932130247155747351902707,1,1,1,1,0.03430644444192891939717831533
com/google/javascript/rhino/Node.java,0.1280368799328959805181283644,0.01639344262295081967213114754,0.0003923107100823852491173009023,1,1,1,1,0.01980683493348660274276222318
com/google/javascript/jscomp/Function.java,0E+45,0,0,0E+30,0E+31,0,0,0E+42
com/google/javascript/rhino/J.java,0.1280368799328959805181283644,0.01639344262295081967213114754,0.0003923107100823852491173009023,1,1,1,1,0.01980683493348660274276222318
com/google/javascript/jscomp/Variable.java,0E+47,0,0,0E+31,0E+32,0,0,0E+42
com/google/javascript/jscomp/Error.java,0.1358036190637777917284968311,0.04545454545454545454545454545,0.0005878894767783656672545561434,0.9538856970063501663138796492,0.9687691057966450986854599298,0.375,0.375,0.01485512620011495205707166738
com/google/javascript/rhino/Node.java,0.1280368799328959805181283644,0.01639344262295081967213114754,0.0001961553550411926245586504512,1,1,1,1,0.01400554729531097671671598248
com/google/javascript/jscomp/Code.java,0E+47,0,0,0E+31,0E+32,0,0,0E+40
com/google/javascript/rhino/Node.java,0.1280368799328959805181283644,0.01639344262295081967213114754,0.001961553550411926245586504512,1,1,1,1,0.04428942933039356917468196966
com/google/javascript/jscomp/Compiler.java,0E+47,0,0,0E+31,0E+32,0,0,0E+42
com/google/javascript/jscomp/Global.java,0E+49,0,0,0E+30,0E+32,0,0,0E+41
com/google/javascript/jscomp/Function.java,0E+47,0,0,0E+31,0E+33,0,0,0E+43
com/google/javascript/jscomp/graph/Graph.java,0.1280368799328959805181283644,0.01639344262295081967213114754,0.0001961553550411926245586504512,1,1,1,1,0.01400554729531097671671598248
com/google/debugging/sourcemap/Base.java,0.1280368799328959805181283644,0.01639344262295081967213114754,0.0009807767752059631227932522558,1,1,1,1,0.03131735581440366827087194262
com/google/javascript/rhino/J.java,0E+47,0,0,0E+31,0E+33,0,0,0E+43
com/google/javascript/rhino/J.java,0.1810714920850370556379957748,0.03278688524590163934426229508,0.001373087485288348371910553158,1,1,1,1,0.03705519511874614733059190911
java/lang/Class.java,0E+46,0,0,0E+30,0E+32,0,0,0E+43
com/google/common/collect/Immutable.java,0E+47,0,0,0E+30,0E+32,0,0,0E+44
com/google/debugging/sourcemap/Base.java,0.1280368799328959805181283644,0.01639344262295081967213114754,0.001373087485288348371910553158,1,1,1,1,0.03705519511874614733059190911
com/google/javascript/jscomp/graph/Di.java,0.1280368799328959805181283644,0.01639344262295081967213114754,0.0001961553550411926245586504512,1,1,1,1,0.01400554729531097671671598248
com/google/debugging/sourcemap/Source.java,0E+47,0,0,0E+31,0E+33,0,0,0E+43
com/google/javascript/jscomp/Warning.java,0E+47,0,0,0E+31,0E+32,0,0,0E+44
com/google/javascript/jscomp/Custom.java,0E+47,0,0,0E+31,0E+32,0,0,0E+42
com/google/javascript/jscomp/graph/Di.java,0.2560737598657919610362567287,0.06557377049180327868852459016,0.004119262455865045115731659474,1,1,1,1,0.06418148063004658916066426075
java/lang/String.java,0.1810714920850370556379957748,0.03278688524590163934426229508,0.0003923107100823852491173009023,1,1,1,1,0.01980683493348660274276222318
com/google/javascript/rhino/I.java,0.1280368799328959805181283644,0.01639344262295081967213114754,0.0001961553550411926245586504512,1,1,1,1,0.01400554729531097671671598248
com/google/javascript/rhino/J.java,0.1280368799328959805181283644,0.01639344262295081967213114754,0.0003923107100823852491173009023,1,1,1,1,0.01980683493348660274276222318
com/google/javascript/rhino/J.java,0.1280368799328959805181283644,0.01639344262295081967213114754,0.0003923107100823852491173009023,1,1,1,1,0.01980683493348660274276222318
com/google/javascript/jscomp/Dot.java,0.1280368799328959805181283644,0.01639344262295081967213114754,0.0001961553550411926245586504512,1,1,1,1,0.01400554729531097671671598248
com/google/javascript/jscomp/parsing/Config.java,0E+46,0,0,0E+31,0E+33,0,0,0E+46
com/google/javascript/jscomp/Coding.java,0E+49,0,0,0E+30,0E+31,0,0,0E+42
com/google/javascript/jscomp/Recent.java,0.1280368799328959805181283644,0.01639344262295081967213114754,0.0003923107100823852491173009023,1,1,1,1,0.01980683493348660274276222318
com/google/javascript/jscomp/graph/Linked.java,0.2217663812863718503308144810,0.04918032786885245901639344262,0.01883091408395449195763044331,1,1,1,1,0.1372257777677156775887132613
com/google/javascript/rhino/jstype/Function.java,0E+47,0,0,0E+31,0E+32,0,0,0E+44
com/google/javascript/jscomp/Side.java,0E+47,0,0,0E+31,0E+33,0,0,0E+46
com/google/javascript/rhino/Node.java,0.1810714920850370556379957748,0.03278688524590163934426229508,0.001961553550411926245586504512,1,1,1,1,0.04428942933039356917468196966
com/google/javascript/jscomp/Source.java,0E+49,0,0,0E+30,0E+32,0,0,0E+40
com/google/javascript/jscomp/Source.java,0.04267895997763199350604278812,0.01990049751243781094527363184,0.004043273959130149710414162387,0.4962246342614440773949976405,0.3206359894818262298396874469,0.02777777777777777777777777778,0.009046454767726161369193154034,0.008102893941834260613520257325
com/google/javascript/jscomp/Node.java,0E+49,0,0,0E+30,0E+32,0,0,0E+43
com/google/javascript/jscomp/Node.java,0E+46,0,0,0E+31,0E+33,0,0,0E+46
