<project name="test" default="test" basedir=".">

  <path id="testclasses">
    <pathelement location="../../../../build/testcases" />
    <pathelement path="${java.class.path}" />
  </path>

  <target name="test">
    <taskdef name="flexint"
             classname="org.apache.tools.ant.types.FlexIntegerTest"
             classpathref="testclasses"
    />
            
    <flexint propname="flexint.value1" value="0xA"/>
    <flexint propname="flexint.value2" value="010"/>
  </target>

</project>
